zipcode,circle-rating--small,scale,name,address
91901,7.0,Above average,The Heights Charter,"2710 Alpine Boulevard, Suite E, Alpine, CA, 91901"
91901,6.0,Average,Boulder Oaks Elementary School,"2320 Tavern Road, Alpine, CA, 91901"
91901,6.0,Average,Joan Macqueen Middle School,"2001 Tavern Road, Alpine, CA, 91901"
91901,6.0,Average,Shadow Hills Elementary School,"8770 Harbison Canyon Road, Alpine, CA, 91901"
91901,4.0,Below average,Alpine Elementary School,"1850 Alpine Boulevard, Alpine, CA, 91901"
92011,9.0,Above average,Pacific Rim Elementary School,"1100 Camino De Las Ondas, Carlsbad, CA, 92011"
92011,9.0,Above average,Aviara Oaks Middle School,"6880 Ambrosia Lane, Carlsbad, CA, 92011"
92010,9.0,Above average,Sage Creek High School,"3900 Cannon Road, Carlsbad, CA, 92010"
92011,9.0,Above average,Aviara Oaks Elementary School,"6900 Ambrosia Lane, Carlsbad, CA, 92011"
92008,9.0,Above average,Kelly Elementary School,"4885 Kelly Drive, Carlsbad, CA, 92008"
92008,9.0,Above average,Magnolia Elementary School,"1905 Magnolia Avenue, Carlsbad, CA, 92008"
92009,9.0,Above average,La Costa Heights Elementary School,"3035 Levante Street, Carlsbad, CA, 92009"
92009,9.0,Above average,Olivenhain Pioneer Elementary School,"8000 Calle Acervo, Carlsbad, CA, 92009"
92009,8.0,Above average,Carrillo Elementary School,"2875 Poinsettia Lane, Carlsbad, CA, 92009"
92009,8.0,Above average,El Camino Creek Elementary School,"7885 Paseo Aliso, Carlsbad, CA, 92009"
92009,8.0,Above average,Mission Estancia Elementary School,"3330 Calle Barcelona, Carlsbad, CA, 92009"
92009,8.0,Above average,Poinsettia Elementary School,"2445 Mica Road, Carlsbad, CA, 92009"
92008,8.0,Above average,Carlsbad High School,"3557 Monroe Street, Carlsbad, CA, 92008"
92010,8.0,Above average,Hope Elementary School,"3010 Tamarack Avenue, Carlsbad, CA, 92010"
92008,8.0,Above average,Valley Middle School,"1645 Magnolia Avenue, Carlsbad, CA, 92008"
92009,8.0,Above average,La Costa Meadows Elementary School,"6889 El Fuerte Street, Carlsbad, CA, 92009"
92010,7.0,Above average,Calavera Hills Elementary School,"4100 Tamarack Avenue, Carlsbad, CA, 92010"
92008,7.0,Above average,Buena Vista Elementary School,"1330 Buena Vista Way, Carlsbad, CA, 92008"
92008,7.0,Above average,Jefferson Elementary School,"3743 Jefferson Street, Carlsbad, CA, 92008"
92009,7.0,Above average,La Costa Canyon High School,"1 Maverick Way, Carlsbad, CA, 92009"
92008,6.0,Average,Carlsbad Seaside Academy,"3557 Monroe Street, Carlsbad, CA, 92008"
92010,6.0,Average,Calavera Hills Middle School,"4104 Tamarack Avenue, Carlsbad, CA, 92010"
92008,4.0,Below average,Audeo Charter School II,"2525 El Camino Real, Suite 156, Carlsbad, CA, 92008"
92008,2.0,Below average,Carlsbad Village Academy,"3557 Monroe Street, Carlsbad, CA, 92008"
91911,10.0,Above average,Parkview Elementary School,"575 Juniper Street, Chula Vista, CA, 91911"
91915,9.0,Above average,Arroyo Vista Charter School,"2491 School House Road, Chula Vista, CA, 91915"
91913,9.0,Above average,Heritage Elementary School,"1450 Santa Lucia Road, Chula Vista, CA, 91913"
91914,9.0,Above average,Salt Creek Elementary School,"1055 Hunte Parkway, Chula Vista, CA, 91914"
91910,9.0,Above average,Discovery Charter School,"1100 Camino Biscay, Chula Vista, CA, 91910"
91913,9.0,Above average,Eastlake Elementary School,"1955 Hillside Drive, Chula Vista, CA, 91913"
91915,9.0,Above average,Eastlake High School,"1120 Eastlake Parkway, Chula Vista, CA, 91915"
91914,8.0,Above average,Marshall (Thurgood) Elementary School,"2295 Mackenzie Creek Road, Chula Vista, CA, 91914"
91913,8.0,Above average,Hedenkamp (Anne And William) Elementary School,"930 East Palomar Street, Chula Vista, CA, 91913"
91914,8.0,Above average,Eastlake Middle School,"900 Duncan Ranch Road, Chula Vista, CA, 91914"
91913,8.0,Above average,Otay Ranch Senior High School,"1250 Olympic Parkway, Chula Vista, CA, 91913"
91914,8.0,Above average,Liberty Elementary School,"2175 Proctor Valley Road, Chula Vista, CA, 91914"
91913,8.0,Above average,Veterans Elementary School,"1550 Magdalena Avenue, Chula Vista, CA, 91913"
91913,8.0,Above average,Olympian High School,"1925 Magdalena Avenue, Chula Vista, CA, 91913"
91913,8.0,Above average,Wolf Canyon Elementary School,"1950 Wolf Canyon Loop, Chula Vista, CA, 91913"
91915,8.0,Above average,Camarena (Enrique S.) Elementary,"1650 Explr Falls Dr., Chula Vista, CA, 91915"
91913,8.0,Above average,Muraoka (Saburo) Elementary,"1644 Santa Alexia Avenue, Chula Vista, CA, 91913"
91910,8.0,Above average,Casillas (Joseph) Elementary School,"1130 East J Street, Chula Vista, CA, 91910"
91910,8.0,Above average,Clear View,"455 Windrose Way, Chula Vista, CA, 91910"
91915,8.0,Above average,Olympic View Elementary School,"1220 South Greensview Drive, Chula Vista, CA, 91915"
91913,8.0,Above average,Bonita Vista Senior High School,"751 Otay Lakes Road, Chula Vista, CA, 91913"
91913,7.0,Above average,McMillin (Corky) Elementary School,"1201 Santa Cora Avenue, Chula Vista, CA, 91913"
91915,7.0,Above average,High Tech High Chula Vista School,"1945 Discovery Falls Drive, Chula Vista, CA, 91915"
91910,7.0,Above average,Chula Vista Hills Elementary School,"980 Buena Vista Way, Chula Vista, CA, 91910"
91910,7.0,Above average,Feaster (Mae L.) Charter School,"670 Flower Street, Chula Vista, CA, 91910"
91913,7.0,Above average,Tiffany (Burton C.) Elementary School,"1691 Elmhurst Street, Chula Vista, CA, 91913"
91910,7.0,Above average,Hilltop Senior High School,"555 Claire Avenue, Chula Vista, CA, 91910"
91910,7.0,Above average,Rancho Del Rey Middle School,"1174 East J Street, Chula Vista, CA, 91910"
91915,6.0,Average,High Tech Elementary Chula Vista School,"1949 Discovery Falls Drive, Chula Vista, CA, 91915"
91911,6.0,Average,Castle Park Elementary School,"25 Emerson Street, Chula Vista, CA, 91911"
91911,6.0,Average,Chula Vista Learning Community Charter School,"590 K Street, Chula Vista, CA, 91911"
91911,6.0,Average,Cook (Hazel Goes) Elementary School,"875 Cuyamaca Avenue, Chula Vista, CA, 91911"
91910,6.0,Average,Halecrest Elementary School,"475 East J Street, Chula Vista, CA, 91910"
91910,6.0,Average,Hilltop Drive Elementary School,"30 Murray Street, Chula Vista, CA, 91910"
91911,6.0,Average,Kellogg (Karl H.) Elementary School,"229 East Naples Street, Chula Vista, CA, 91911"
91911,6.0,Average,Lauderbach (J. Calvin) Elementary School,"390 Palomar Street, Chula Vista, CA, 91911"
91911,6.0,Average,Loma Verde Elementary School,"1450 Loma Lane, Chula Vista, CA, 91911"
91911,6.0,Average,Montgomery (John J.) Elementary School,"1601 4th Avenue, Chula Vista, CA, 91911"
91910,6.0,Average,Mueller Charter (Robert L.) School,"715 I Street, Chula Vista, CA, 91910"
91911,6.0,Average,Otay Elementary School,"1651 Albany Avenue, Chula Vista, CA, 91911"
91911,6.0,Average,Rice (Lilian J.) Elementary School,"915 4th Avenue, Chula Vista, CA, 91911"
91910,6.0,Average,Rosebank Elementary School,"80 Flower Street, Chula Vista, CA, 91910"
91911,6.0,Average,Valle Lindo Elementary School,"1515 Oleander Avenue, Chula Vista, CA, 91911"
91910,6.0,Average,Bonita Vista Middle School,"650 Otay Lakes Road, Chula Vista, CA, 91910"
91911,6.0,Average,Castle Park Middle School,"160 Quintard Street, Chula Vista, CA, 91911"
91911,5.0,Average,Leonardo Da Vinci Health Sciences Charter School,"229 East Naples, Chula Vista, CA, 91911"
91911,5.0,Average,Hawking S.T.E.A.M. Charter,"489 E St, Chula Vista, CA, 91911"
91911,5.0,Average,Palomar Elementary School,"300 East Palomar Street, Chula Vista, CA, 91911"
91911,5.0,Average,Rogers (Greg) Elementary School,"510 East Naples Street, Chula Vista, CA, 91911"
91910,5.0,Average,Vista Square Elementary School,"540 G Street, Chula Vista, CA, 91910"
91911,5.0,Average,Castle Park Senior High School,"1395 Hilltop Drive, Chula Vista, CA, 91911"
91910,4.0,Below average,Howard Gardner Community Charter,"647 E Street, Chula Vista, CA, 91910"
91915,4.0,Below average,High Tech Middle Chula Vista School,"1949 Discovery Falls Drive, Chula Vista, CA, 91915"
91911,4.0,Below average,Harborside Elementary School,"681 Naples Street, Chula Vista, CA, 91911"
91911,4.0,Below average,Rohr (Fred H.) Elementary School,"1540 Malta Avenue, Chula Vista, CA, 91911"
91910,4.0,Below average,Chula Vista Middle School,"415 5th Avenue, Chula Vista, CA, 91910"
91911,4.0,Below average,Chula Vista Senior High School,"820 4th Avenue, Chula Vista, CA, 91911"
91910,4.0,Below average,Hilltop Middle School,"44 J Street, Chula Vista, CA, 91910"
91910,3.0,Below average,San Diego Virtual,"296 H Street, Suite 200, Chula Vista, CA, 91910"
91910,3.0,Below average,Sweetwater Secondary,"3252 Bonita Road, Chula Vista, CA, 91910"
91911,1.0,Below average,Maac Community Charter School,"1385 Third Avenue, Chula Vista, CA, 91911"
92020,9.0,Above average,Literacy First Charter School,"799 East Washington Avenue, El Cajon, CA, 92020"
92020,9.0,Above average,Grossmont Middle College High School,"8800 Grossmont College Drive, El Cajon, CA, 92020"
92020,8.0,Above average,Fuerte Elementary School,"11625 Fuerte Drive, El Cajon, CA, 92020"
92019,8.0,Above average,Valhalla High School,"1725 Hillsdale Road, El Cajon, CA, 92019"
92020,8.0,Above average,Fletcher Hills Elementary School,"2330 Center Place, El Cajon, CA, 92020"
92021,7.0,Above average,Los Coches Creek Middle School,"9669 Dunbar Lane, El Cajon, CA, 92021"
92021,7.0,Above average,Blossom Valley Elementary School,"9863 Oakmont Terrace, El Cajon, CA, 92021"
92019,7.0,Above average,Rancho San Diego Elementary School,"12151 Calle Albara, El Cajon, CA, 92019"
92020,6.0,Average,Eje Elementary Academy Charter,"851 South Johnson Avenue, El Cajon, CA, 92020"
92020,6.0,Average,Eje Middle Academy,"851 South Johnson Avenue, El Cajon, CA, 92020"
92021,6.0,Average,Bostonia Elementary School,"1390 Broadway, El Cajon, CA, 92021"
92019,6.0,Average,Hillsdale Middle School,"1301 Brabham Street, El Cajon, CA, 92019"
92019,6.0,Average,Jamacha Elementary School,"2962 Jamul Drive, El Cajon, CA, 92019"
92019,6.0,Average,Vista Grande Elementary School,"1908 Vista Grande Road, El Cajon, CA, 92019"
92019,6.0,Average,Granite Hills High School,"1719 East Madison Avenue, El Cajon, CA, 92019"
92021,6.0,Average,Pepper Drive Elementary School,"1935 Marlinda Way, El Cajon, CA, 92021"
92020,5.0,Average,Anza Elementary School,"1005 South Anza Street, El Cajon, CA, 92020"
92021,5.0,Average,Crest Elementary School,"2000 Suncrest Boulevard, El Cajon, CA, 92021"
92020,5.0,Average,Flying Hills Elementary School,"1251 Finch Street, El Cajon, CA, 92020"
92019,5.0,Average,Madison Avenue Elementary School,"1615 East Madison Avenue, El Cajon, CA, 92019"
92019,4.0,Below average,Methodschools,"24620 Jefferson Avenue, Murrieta, CA 92562, El Cajon, CA, 92019"
92019,4.0,Below average,Mosaica Online Academy Of Southern California,"4612 Dehesa Road, El Cajon, CA, 92019"
92019,4.0,Below average,Inspire Charter School - South,"4612 Dehesa Road, El Cajon, CA, 92019"
92020,4.0,Below average,Pacific Coast Academy,"353 East Park Avenue Suite 201, El Cajon, CA, 92020"
92019,4.0,Below average,Montgomery Middle School,"1570 Melody Lane, El Cajon, CA, 92019"
92019,4.0,Below average,Dehesa School,"4612 Dehesa Road, El Cajon, CA, 92019"
92020,3.0,Below average,Idea Center,"1600 Cuyamaca Street, El Cajon, CA, 92020"
92020,3.0,Below average,Grossmont Secondary,"111 Fletcher Parkway, El Cajon, CA, 92020"
92020,3.0,Below average,Cajon Valley Middle School,"550 East Park Avenue, El Cajon, CA, 92020"
92020,3.0,Below average,Emerald Middle School,"1221 Emerald Avenue, El Cajon, CA, 92020"
92021,3.0,Below average,Greenfield Middle School,"1495 Greenfield Drive, El Cajon, CA, 92021"
92021,3.0,Below average,W. D. Hall Elementary School,"1376 Pepper Drive, El Cajon, CA, 92021"
92020,3.0,Below average,Johnson Elementary School,"500 West Madison Avenue, El Cajon, CA, 92020"
92019,3.0,Below average,Lexington Elementary School,"1145 Redwood Avenue, El Cajon, CA, 92019"
92021,3.0,Below average,Magnolia Elementary School,"650 Greenfield Drive, El Cajon, CA, 92021"
92019,3.0,Below average,Meridian Elementary School,"651 South 3rd Street, El Cajon, CA, 92019"
92021,3.0,Below average,Rios Elementary School,"14314 Rios Canyon Road, El Cajon, CA, 92021"
92021,3.0,Below average,El Cajon Valley High School,"1035 East Madison Avenue, El Cajon, CA, 92021"
92021,2.0,Below average,Cajon Valley Home School,"1384 Broadway, El Cajon, CA, 92021"
92021,2.0,Below average,Diego Valley East Public Charter,"511 North 2nd Street, El Cajon, CA, 92021"
92020,2.0,Below average,Chase Avenue Elementary School,"195 East Chase Avenue, El Cajon, CA, 92020"
92021,2.0,Below average,Naranca Elementary School,"1030 Naranca Avenue, El Cajon, CA, 92021"
92024,8.0,Above average,Flora Vista Elementary School,"1690 Wandering Road, Encinitas, CA, 92024"
92024,8.0,Above average,Diegueno Middle School,"2150 Village Park Way, Encinitas, CA, 92024"
92024,8.0,Above average,San Dieguito High Academy,"800 Santa Fe Drive, Encinitas, CA, 92024"
92024,7.0,Above average,Ocean Knoll Elementary School,"910 Melba Road, Encinitas, CA, 92024"
92024,7.0,Above average,Paul Ecke-Central Elementary School,"185 Union Street, Encinitas, CA, 92024"
92024,7.0,Above average,Oak Crest Middle School,"675 Balour Drive, Encinitas, CA, 92024"
92024,6.0,Average,Capri Elementary School,"941 Capri Road, Encinitas, CA, 92024"
92024,6.0,Average,Park Dale Lane Elementary School,"2050 Park Dale Lane, Encinitas, CA, 92024"
92024,4.0,Below average,Sunset High (Continuation) School,"684 Requeza Street, Encinitas, CA, 92024"
92025,9.0,Above average,Classical Academy High School,"207 East Pennsylvania Avenue, Escondido, CA, 92025"
92029,9.0,Above average,Del Lago Academy - Campus Of Applied Science,"1740 Scenic Trail Way, Escondido, CA, 92029"
92027,7.0,Above average,Heritage K-8 Charter School,"1855 East Valley Parkway, Escondido, CA, 92027"
92029,7.0,Above average,Bernardo Elementary School,"1122 Mountain Heights Drive, Escondido, CA, 92029"
92027,7.0,Above average,Quantum Academy,"420 Falconer Road, Escondido, CA, 92027"
92025,7.0,Above average,L. R. Green Elementary School,"3115 Las Palmas Avenue, Escondido, CA, 92025"
92027,7.0,Above average,Escondido Charter High School,"1868 East Valley Parkway, Escondido, CA, 92027"
92025,6.0,Average,Classical Academy,"2950 South Bear Valley Parkway, Escondido, CA, 92025"
92026,6.0,Average,Community Montessori Charter,"1441 Montiel Road, Escondido, CA, 92026"
92027,6.0,Average,Glen View Elementary School,"2201 East Mission Avenue, Escondido, CA, 92027"
92025,6.0,Average,Miller Elementary School,"1975 Miller Avenue, Escondido, CA, 92025"
92025,6.0,Average,San Pasqual High School,"3300 Bear Valley Parkway, Escondido, CA, 92025"
92027,6.0,Average,San Pasqual Union Elementary School,"15305 Rockwood Road, Escondido, CA, 92027"
92025,5.0,Average,Bear Valley Middle School,"3003 Bear Valley Parkway, Escondido, CA, 92025"
92026,5.0,Average,Reidy Creek Elementary School,"2869 North Broadway, Escondido, CA, 92026"
92027,5.0,Average,Conway Elementary School,"1325 Conway Drive, Escondido, CA, 92027"
92029,5.0,Average,Del Dios Middle School,"1400 West 9th Avenue, Escondido, CA, 92029"
92026,5.0,Average,North Broadway Elementary School,"2301 North Broadway, Escondido, CA, 92026"
92027,5.0,Average,Rose Elementary School,"906 North Rose Street, Escondido, CA, 92027"
92026,5.0,Average,Escondido High School,"1535 North Broadway, Escondido, CA, 92026"
92026,4.0,Below average,Dehesa Charter School,"1441 Montiel Road, Suite 143, Escondido, CA, 92026"
92026,4.0,Below average,Farr Avenue Elementary School,"933 Farr Avenue, Escondido, CA, 92026"
92025,4.0,Below average,Felicita Elementary School,"737 West 13th Avenue, Escondido, CA, 92025"
92025,4.0,Below average,Mission Middle School,"939 East Mission Avenue, Escondido, CA, 92025"
92027,4.0,Below average,Hidden Valley Middle School,"2700 Reed Road, Escondido, CA, 92027"
92025,4.0,Below average,Juniper Elementary School,"1809 South Juniper Street, Escondido, CA, 92025"
92027,4.0,Below average,Oak Hill Elementary School,"1820 Oak Hill Drive, Escondido, CA, 92027"
92027,4.0,Below average,Orange Glen Elementary School,"2861 Valley Parkway, Escondido, CA, 92027"
92027,4.0,Below average,Pioneer Elementary School,"980 North Ash Street, Escondido, CA, 92027"
92026,4.0,Below average,Rincon Middle School,"925 Lehner Avenue, Escondido, CA, 92026"
92027,4.0,Below average,Orange Glen High School,"2200 Glenridge Road, Escondido, CA, 92027"
92025,3.0,Below average,Epiphany Prep Charter,"725 North Escondido Boulevard, Escondido, CA, 92025"
92025,3.0,Below average,Central Elementary School,"122 West 4th Avenue, Escondido, CA, 92025"
92026,3.0,Below average,Lincoln Elementary School,"1029 North Broadway, Escondido, CA, 92026"
92026,3.0,Below average,Rock Springs Elementary School,"1155 Deodar Road, Escondido, CA, 92026"
92025,1.0,Below average,Audeo Charter School III,"200 East Via Rancho Parkway, Escondido, CA, 92025"
92028,6.0,Average,William H. Frazier Elementary School,"1835 Gum Tree Lane, Fallbrook, CA, 92028"
92028,6.0,Average,La Paloma Elementary School,"300 Heald Lane, Fallbrook, CA, 92028"
92028,5.0,Average,Oasis High (Alternative) School,"2208 South Stage Coach Lane, Fallbrook, CA, 92028"
92028,5.0,Average,Maie Ellis Elementary,"400 West Elder Street, Fallbrook, CA, 92028"
92028,5.0,Average,Fallbrook High School,"2400 South Stage Coach Lane, Fallbrook, CA, 92028"
92028,4.0,Below average,Fallbrook Street Elementary School,"405 West Fallbrook Street, Fallbrook, CA, 92028"
92028,4.0,Below average,Live Oak Elementary School,"1978 Reche Road, Fallbrook, CA, 92028"
92028,4.0,Below average,James E. Potter Intermediate School,"1743 Reche Road, Fallbrook, CA, 92028"
92028,2.0,Below average,Ivy High (Continuation) School,"1056 Winter Haven Road, Fallbrook, CA, 92028"
92130,10.0,Above average,Carmel Valley Middle School,"3800 Mykonos Lane, San Diego, CA, 92130"
92129,10.0,Above average,Westview High School,"13500 Camino Del Sur, San Diego, CA, 92129"
92130,10.0,Above average,Canyon Crest Academy,"5951 Village Center Loop Road, San Diego, CA, 92130"
92127,10.0,Above average,Del Norte High School,"16601 Nighthawk Lane, San Diego, CA, 92127"
92123,10.0,Above average,Elevate Elementary,"2285 Murray Ridge Road, San Diego, CA, 92123"
92130,10.0,Above average,Pacific Trails Middle,"5975 Village Center Loop Road, San Diego, CA, 92130"
92120,10.0,Above average,Hearst Elementary School,"6230 Del Cerro Boulevard, San Diego, CA, 92120"
92107,10.0,Above average,Ocean Beach Elementary School,"4741 Santa Monica Avenue, San Diego, CA, 92107"
92131,10.0,Above average,Scripps Ranch High School,"10410 Falcon Way, San Diego, CA, 92131"
92130,10.0,Above average,Carmel Creek Elementary School,"4210 Carmel Center Road, San Diego, CA, 92130"
92117,9.0,Above average,Mt. Everest Academy,"4350 Mount Everest Boulevard, San Diego, CA, 92117"
92130,9.0,Above average,Sage Canyon School,"5290 Harvest Run Drive, San Diego, CA, 92130"
92128,9.0,Above average,Creekside Elementary School,"12362 Springhurst Drive, San Diego, CA, 92128"
92131,9.0,Above average,Scripps Elementary School,"11778 Cypress Canyon Road, San Diego, CA, 92131"
92130,9.0,Above average,Torrey Hills School,"10830 Calle Mar De Mariposa, San Diego, CA, 92130"
92130,9.0,Above average,Solana Pacific Elementary School,"3901 Townsgate Drive, San Diego, CA, 92130"
92111,9.0,Above average,Kearny Digital Media & Design School,"1954 Komet Way, San Diego, CA, 92111"
92127,9.0,Above average,Stone Ranch Elementary School,"16150 4S Ranch Parkway, San Diego, CA, 92127"
92130,9.0,Above average,Ocean Air School,"11444 Canter Heights Drive, San Diego, CA, 92130"
92127,9.0,Above average,Del Sur Elementary School,"15665 Paseo Del Sur, San Diego, CA, 92127"
92127,9.0,Above average,Willow Grove Elementary School,"14727 Via Azul, San Diego, CA, 92127"
92130,9.0,Above average,Solana Ranch Elementary,"13605 Pacific Highlands Ranch Parkway, San Diego, CA, 92130"
92126,9.0,Above average,Jonas Salk Elementary School,"7825 Flanders Drive, San Diego, CA, 92126"
92130,9.0,Above average,Carmel Del Mar Elementary School,"12345 Carmel Park Drive, San Diego, CA, 92130"
92129,9.0,Above average,Adobe Bluffs Elementary School,"8707 Adobe Bluffs Drive, San Diego, CA, 92129"
92129,9.0,Above average,Canyon View Elementary School,"9225 Adolphia Street, San Diego, CA, 92129"
92129,9.0,Above average,Deer Canyon Elementary School,"13455 Russet Leaf Lane, San Diego, CA, 92129"
92129,9.0,Above average,Los Penasquitos Elementary School,"14125 Cuca Street, San Diego, CA, 92129"
92129,9.0,Above average,Mesa Verde Middle School,"8375 Entreken Way, San Diego, CA, 92129"
92129,9.0,Above average,Mt. Carmel High School,"9550 Carmel Mountain Road, San Diego, CA, 92129"
92129,9.0,Above average,Park Village Elementary School,"7930 Park Village Road, San Diego, CA, 92129"
92128,9.0,Above average,Rancho Bernardo High School,"13010 Paseo Lucido, San Diego, CA, 92128"
92129,9.0,Above average,Rolling Hills Elementary School,"15255 Penasquitos Drive, San Diego, CA, 92129"
92129,9.0,Above average,Sundance Elementary School,"8944 Twin Trails Drive, San Diego, CA, 92129"
92130,9.0,Above average,Torrey Pines High School,"3710 Del Mar Heights Road, San Diego, CA, 92130"
92110,9.0,Above average,Bay Park Elementary School,"2433 Denver Street, San Diego, CA, 92110"
92131,9.0,Above average,Dingeman Elementary School,"11840 Scripps Creek Drive, San Diego, CA, 92131"
92122,9.0,Above average,Doyle Elementary School,"3950 Berino Court, San Diego, CA, 92122"
92126,9.0,Above average,Ericson Elementary School,"11174 Westonhill Drive, San Diego, CA, 92126"
92119,9.0,Above average,Green Elementary School,"7030 Wandermere Drive, San Diego, CA, 92119"
92111,9.0,Above average,Holmes Elementary School,"4902 Mount Ararat Drive, San Diego, CA, 92111"
92131,9.0,Above average,Jerabek Elementary School,"10050 Avenida Magnifica, San Diego, CA, 92131"
92124,9.0,Above average,Kumeyaay Elementary School,"6475 Antigua Boulevard, San Diego, CA, 92124"
92120,9.0,Above average,Marvin Elementary School,"5720 Brunswick Avenue, San Diego, CA, 92120"
92104,9.0,Above average,McKinley Elementary School,"3045 Felton Street, San Diego, CA, 92104"
92126,9.0,Above average,Mira Mesa High School,"10510 Reagan Road, San Diego, CA, 92126"
92131,9.0,Above average,Miramar Ranch Elementary School,"10770 Red Cedar Drive, San Diego, CA, 92131"
92126,9.0,Above average,Sandburg Elementary School,"11230 Avenida Del Gato, San Diego, CA, 92126"
92109,9.0,Above average,Sessions Elementary School,"2150 Beryl Street, San Diego, CA, 92109"
92107,9.0,Above average,Silver Gate Elementary School,"1499 Venice Street, San Diego, CA, 92107"
92107,9.0,Above average,Sunset View Elementary School,"4365 Hill Street, San Diego, CA, 92107"
92122,9.0,Above average,University City High School,"6949 Genesee Avenue, San Diego, CA, 92122"
92124,9.0,Above average,Vista Grande Elementary School,"5606 Antigua Boulevard, San Diego, CA, 92124"
92116,8.0,Above average,Garfield Elementary School,"4487 Oregon Street, San Diego, CA, 92116"
92101,8.0,Above average,San Diego International Studies School,"1405 Park Boulevard, San Diego, CA, 92101"
92111,8.0,Above average,Kearny SCT School,"1954 Komet Way, San Diego, CA, 92111"
92111,8.0,Above average,Kearny College Connections,"1954 Komet Way, San Diego, CA, 92111"
92111,8.0,Above average,Kearny Eng Innov & Design,"1954 Komet Way, San Diego, CA, 92111"
92127,8.0,Above average,Oak Valley Middle School,"16055 Winecreek Road, San Diego, CA, 92127"
92106,8.0,Above average,High Tech High International School,"2855 Farragut Road, San Diego, CA, 92106"
92120,8.0,Above average,Magnolia Science Academy San Diego,"6525 Estrella Ave, San Diego, CA, 92120"
92130,8.0,Above average,Sycamore Ridge School,"5333 Old Carmel Valley Road, San Diego, CA, 92130"
92127,8.0,Above average,Monterey Ridge Elementary School,"17117 4S Ranch Parkway, San Diego, CA, 92127"
92110,8.0,Above average,iHigh Virtual Academy,"3939 Conde Street, San Diego, CA, 92110"
92116,8.0,Above average,San Diego Global Vision Academy,"3430 School Street, San Diego, CA, 92116"
92110,8.0,Above average,Old Town Academy K-8 Charter,"2120 San Diego Avenue, San Diego, CA, 92110"
92127,8.0,Above average,Design 39 Campus,"17050 Del Sur Ridge Road, San Diego, CA, 92127"
92128,8.0,Above average,Bernardo Heights Middle School,"12990 Paseo Lucido, San Diego, CA, 92128"
92128,8.0,Above average,Highland Ranch Elementary School,"14840 Waverly Downs Way, San Diego, CA, 92128"
92128,8.0,Above average,Morning Creek Elementary School,"10925 Morning Creek Drive South, San Diego, CA, 92128"
92127,8.0,Above average,Westwood Elementary School,"17449 Matinal Road, San Diego, CA, 92127"
92117,8.0,Above average,Alcott Elementary School,"4680 Hidalgo Avenue, San Diego, CA, 92117"
92109,8.0,Above average,Barnard Elementary School,"2445 Fogg Street, San Diego, CA, 92109"
92119,8.0,Above average,Benchley/Weinberger Elementary School,"6269 Twin Lake Drive, San Diego, CA, 92119"
92103,8.0,Above average,Birney Elementary School,"4345 Campus Avenue, San Diego, CA, 92103"
92117,8.0,Above average,Cadman Elementary School,"4370 Kamloop Avenue, San Diego, CA, 92117"
92126,8.0,Above average,Challenger Middle School,"10810 Parkdale Avenue, San Diego, CA, 92126"
92111,8.0,Above average,Chesterton Elementary School,"7335 Wheatley Street, San Diego, CA, 92111"
92122,8.0,Above average,Curie Elementary School,"4080 Governor Drive, San Diego, CA, 92122"
92120,8.0,Above average,Dailard Elementary School,"6425 Cibola Road, San Diego, CA, 92120"
92110,8.0,Above average,Dewey Elementary School,"3251 Rosecrans Street, San Diego, CA, 92110"
92103,8.0,Above average,Florence Elementary School,"3914 1st Avenue, San Diego, CA, 92103"
92103,8.0,Above average,Grant K-8,"1425 Washington Place, San Diego, CA, 92103"
92124,8.0,Above average,Hancock Elementary School,"3303 Taussig Street, San Diego, CA, 92124"
92115,8.0,Above average,Hardy Elementary School,"5420 Montezuma Road, San Diego, CA, 92115"
92117,8.0,Above average,Hawthorne Elementary School,"4750 Lehrer Drive, San Diego, CA, 92117"
92120,8.0,Above average,Patrick Henry High School,"6702 Wandermere Drive, San Diego, CA, 92120"
92126,8.0,Above average,Hickman Elementary School,"10850 Montongo Street, San Diego, CA, 92126"
92120,8.0,Above average,Lewis Middle School,"5170 Greenbrier Avenue, San Diego, CA, 92120"
92110,8.0,Above average,Longfellow K-8,"5055 July Street, San Diego, CA, 92110"
92131,8.0,Above average,Marshall Middle School,"9700 Avenue of Nations, San Diego, CA, 92131"
92114,8.0,Above average,Nye Elementary School,"981 Valencia Parkway, San Diego, CA, 92114"
92124,8.0,Above average,Tierrasanta Elementary School,"5450 La Cuenta Drive, San Diego, CA, 92124"
92154,7.0,Above average,Ocean View Hills School,"4919 Del Sol Boulevard, San Diego, CA, 92154"
92106,7.0,Above average,High Tech High Media Arts School,"2230 Truxtun Road Third Floor, San Diego, CA, 92106"
92116,7.0,Above average,Normal Heights Elementary School,"3750 Ward Road, San Diego, CA, 92116"
92123,7.0,Above average,School for Entrepreneurship and Technology,"3540 Aero Court, San Diego, CA, 92123"
92154,7.0,Above average,Vista Del Mar,"4885 Del Sol Boulevard, San Diego, CA, 92154"
92154,7.0,Above average,Finney (Myrtle S.) Elementary School,"3950 Byrd Street, San Diego, CA, 92154"
92154,7.0,Above average,Silver Wing Elementary School,"3730 Arey Drive, San Diego, CA, 92154"
92130,7.0,Above average,Ashley Falls Elementary School,"13030 Ashley Falls Drive, San Diego, CA, 92130"
92129,7.0,Above average,Black Mountain Middle School,"9353 Oviedo Street, San Diego, CA, 92129"
92128,7.0,Above average,Shoal Creek Elementary School,"11775 Shoal Creek Drive, San Diego, CA, 92128"
92129,7.0,Above average,Sunset Hills Elementary School,"9291 Oviedo Street, San Diego, CA, 92129"
92127,7.0,Above average,Turtleback Elementary School,"15855 Turtleback Road, San Diego, CA, 92127"
92154,7.0,Above average,Nestor Language Academy Charter,"1455 Hollister Street, San Diego, CA, 92154"
92123,7.0,Above average,Angier Elementary School,"8450 Hurlbut Street, San Diego, CA, 92123"
92114,7.0,Above average,Bethune K-8,"6835 Benjamin Holt Road, San Diego, CA, 92114"
92113,7.0,Above average,Chollas/Mead Elementary School,"401 North 45th Street, San Diego, CA, 92113"
92109,7.0,Above average,Crown Point Jr Music Academy,"4033 Ingraham Street, San Diego, CA, 92109"
92123,7.0,Above average,Cubberley Elementary School,"3201 Marathon Drive, San Diego, CA, 92123"
92124,7.0,Above average,De Portola Middle School,"11010 Clairemont Mesa Boulevard, San Diego, CA, 92124"
92104,7.0,Above average,Edison Elementary School,"4077 35th Street, San Diego, CA, 92104"
92117,7.0,Above average,Field Elementary School,"4375 Bannock Avenue, San Diego, CA, 92117"
92123,7.0,Above average,Fletcher Elementary School,"7666 Bobolink Way, San Diego, CA, 92123"
92123,7.0,Above average,Jones Elementary School,"2751 Greyling Drive, San Diego, CA, 92123"
92115,7.0,Above average,Language Academy,"4961 64th Street, San Diego, CA, 92115"
92106,7.0,Above average,Loma Portal Elementary School,"3341 Browning Street, San Diego, CA, 92106"
92126,7.0,Above average,Mason Elementary School,"10340 San Ramon Drive, San Diego, CA, 92126"
92124,7.0,Above average,Miller Elementary School,"4343 Shields Street, San Diego, CA, 92124"
92103,7.0,Above average,Museum,"211 Maple Street, San Diego, CA, 92103"
92105,7.0,Above average,Oak Park Elementary School,"2606 54th Street, San Diego, CA, 92105"
92114,7.0,Above average,The O'Farrell Charter School,"6130 Skyline Drive, San Diego, CA, 92114"
92109,7.0,Above average,Pacific Beach Elementary School,"1234 Tourmaline Street, San Diego, CA, 92109"
92106,7.0,Above average,Point Loma High School,"2335 Chatsworth Boulevard, San Diego, CA, 92106"
92115,7.0,Above average,Rolando Park Elementary School,"6620 Marlowe Drive, San Diego, CA, 92115"
92105,7.0,Above average,Rowan Elementary School,"1755 Rowan Street, San Diego, CA, 92105"
92139,7.0,Above average,San Diego Scpa School,"2425 Dusk Drive, San Diego, CA, 92139"
92124,7.0,Above average,Serra High School,"5156 Santo Road, San Diego, CA, 92124"
92122,7.0,Above average,Spreckels Elementary School,"6033 Stadium Street, San Diego, CA, 92122"
92122,7.0,Above average,Standley Middle School,"6298 Radcliffe Drive, San Diego, CA, 92122"
92117,7.0,Above average,Toler Elementary School,"3350 Baker Street, San Diego, CA, 92117"
92126,7.0,Above average,Wangenheim Middle School,"9230 Gold Coast Drive, San Diego, CA, 92126"
92139,7.0,Above average,Zamorano Elementary School,"2655 Casey Street, San Diego, CA, 92139"
92106,6.0,Average,High Tech High,"2861 Womble Road, San Diego, CA, 92106"
92106,6.0,Average,Explorer Elementary School,"2230 Truxtun Road 1st Floor, San Diego, CA, 92106"
92102,6.0,Average,Einstein Academy,"3035 Ash Street, San Diego, CA, 92102"
92106,6.0,Average,High Tech Middle School,"2359 Truxtun Road, San Diego, CA, 92106"
92101,6.0,Average,KIPP Adelante Preparatory Academy,"426 Euclid Avenue, San Diego, CA, 92101"
92106,6.0,Average,High Tech Middle Media Arts School,"2230 Truxtun Road, 2nd Floor, San Diego, CA, 92106"
92105,6.0,Average,Health Sciences High School,"3910 University Avenue, Suite 100, San Diego, CA, 92105"
92101,6.0,Average,East Village High,"1405 Park Boulevard, San Diego, CA, 92101"
92111,6.0,Average,Empower Charter,"2230 East Jewett Street, San Diego, CA, 92111"
92111,6.0,Average,Kavod Charter,"6991 Balboa. Ave., San Diego, CA, 92111"
92154,6.0,Average,Juarez-Lincoln Elementary School,"849 Twining Avenue, San Diego, CA, 92154"
92107,6.0,Average,Correia Middle School,"4302 Valeta Street, San Diego, CA, 92107"
92106,6.0,Average,Dana,"1775 Chatsworth Boulevard, San Diego, CA, 92106"
92124,6.0,Average,Farb Middle School,"4880 La Cuenta Drive, San Diego, CA, 92124"
92114,6.0,Average,Freese Elementary School,"8140 Greenlawn Drive, San Diego, CA, 92114"
92119,6.0,Average,Gage Elementary School,"6811 Bisby Lake Avenue, San Diego, CA, 92119"
92126,6.0,Average,Hage Elementary School,"9750 Galvin Avenue, San Diego, CA, 92126"
92105,6.0,Average,Hamilton Elementary School,"2807 Fairmount Avenue, San Diego, CA, 92105"
92104,6.0,Average,Jefferson Elementary School,"3770 Utah Street, San Diego, CA, 92104"
92123,6.0,Average,Juarez Elementary School,"2633 Melbourne Drive, San Diego, CA, 92123"
92105,6.0,Average,Marshall Elementary School,"3550 Altadena Avenue, San Diego, CA, 92105"
92109,6.0,Average,Mission Bay High School,"2475 Grand Avenue, San Diego, CA, 92109"
92114,6.0,Average,Morse High School,"6905 Skyline Drive, San Diego, CA, 92114"
92109,6.0,Average,Pacific Beach Middle School,"4676 Ingraham Street, San Diego, CA, 92109"
92139,6.0,Average,Paradise Hills Elementary School,"5816 Alleghany Street, San Diego, CA, 92139"
92139,6.0,Average,Penn Elementary School,"2797 Utica Drive, San Diego, CA, 92139"
92139,6.0,Average,Perry Elementary School,"6290 Oriskany Road, San Diego, CA, 92139"
92119,6.0,Average,Pershing Middle School,"8204 San Carlos Drive, San Diego, CA, 92119"
92114,6.0,Average,Valencia Park Elementary School,"5880 Skyline Drive, San Diego, CA, 92114"
92117,5.0,Average,John Muir School,"4431 Mount Herbert Avenue, San Diego, CA, 92117"
92115,5.0,Average,Ibarra Elementary School,"4877 Orange Avenue, San Diego, CA, 92115"
92102,5.0,Average,Albert Einstein Academy Charter Middle,"458 26th Street, San Diego, CA, 92102"
92131,5.0,Average,Innovations Academy,"10380 Spring Canyon Road, San Diego, CA, 92131"
92102,5.0,Average,Gompers Preparatory Academy,"1005 47th Street, San Diego, CA, 92102"
92102,5.0,Average,America's Finest Charter,"730 45th Street, San Diego, CA, 92102"
92101,5.0,Average,e3 Civic High School,"395 11th Avenue, San Diego, CA, 92101"
92106,5.0,Average,High Tech Elementary,"2150 Cushing Road, San Diego, CA, 92106"
92154,5.0,Average,Los Altos Elementary School,"1332 Kenalan Drive, San Diego, CA, 92154"
92154,5.0,Average,Emory Elementary School,"1915 Coronado Avenue, San Diego, CA, 92154"
92116,5.0,Average,Adams Elementary School,"4672 35th Street, San Diego, CA, 92116"
92113,5.0,Average,Balboa Elementary School,"1844 South 40th Street, San Diego, CA, 92113"
92117,5.0,Average,Clairemont High School,"4150 Ute Drive, San Diego, CA, 92117"
92115,5.0,Average,Clay Elementary School,"6506 Solita Avenue, San Diego, CA, 92115"
92114,5.0,Average,Encanto Elementary School,"822 65th Street, San Diego, CA, 92114"
92105,5.0,Average,Euclid Elementary School,"4166 Euclid Avenue, San Diego, CA, 92105"
92120,5.0,Average,Foster Elementary School,"6550 51st Street, San Diego, CA, 92120"
92115,5.0,Average,Hoover High School,"4474 El Cajon Boulevard, San Diego, CA, 92115"
92114,5.0,Average,Johnson Elementary School,"1355 Kelton Road, San Diego, CA, 92114"
92117,5.0,Average,Lafayette Elementary School,"6125 Printwood Way, San Diego, CA, 92117"
92111,5.0,Average,Lindbergh/Schweitzer Elementary School,"4133 Mount Albertine Avenue, San Diego, CA, 92111"
92117,5.0,Average,Marston Middle School,"3799 Clairemont Drive, San Diego, CA, 92117"
92103,5.0,Average,Roosevelt International Middle School,"3366 Park Boulevard, San Diego, CA, 92103"
92111,5.0,Average,Ross Elementary School,"7470 Bagdad Street, San Diego, CA, 92111"
92102,5.0,Average,Sherman Elementary School,"301 22nd Street, San Diego, CA, 92102"
92123,5.0,Average,Taft Middle School,"9191 Gramercy Drive, San Diego, CA, 92123"
92115,5.0,Average,Harriet Tubman Village Charter School,"6880 Mohawk Street, San Diego, CA, 92115"
92126,5.0,Average,Walker Elementary School,"9225 Hillery Drive, San Diego, CA, 92126"
92101,5.0,Average,Washington Elementary School,"1789 State Street, San Diego, CA, 92101"
92102,5.0,Average,Webster Elementary School,"4801 Elm Street, San Diego, CA, 92102"
92154,5.0,Average,Montgomery Senior High School,"3250 Palm Avenue, San Diego, CA, 92154"
92154,5.0,Average,Southwest Senior High School,"1685 Hollister Street, San Diego, CA, 92154"
92121,4.0,Below average,Audeo Charter School,"10170 Huennekens Street, San Diego, CA, 92121"
92111,4.0,Below average,San Diego Cooperative Charter School,"7260 Linda Vista Road, San Diego, CA, 92111"
92154,4.0,Below average,San Ysidro High School,"5353 Airway Road, San Diego, CA, 92154"
92117,4.0,Below average,"Creative, Performing, and Media Arts School","5050 Conrad Avenue, San Diego, CA, 92117"
92115,4.0,Below average,Crawford High School,"4191 Colts Way, San Diego, CA, 92115"
92101,4.0,Below average,San Diego Science and Technology School,"1405 Park Boulevard, San Diego, CA, 92101"
92111,4.0,Below average,San Diego Metro Career and Tech School,"7250 Mesa College Drive, San Diego, CA, 92111"
92102,4.0,Below average,Golden Hill K-8,"1240 33rd Street, San Diego, CA, 92102"
92105,4.0,Below average,Cherokee Point Elementary School,"3735 38th Street, San Diego, CA, 92105"
92102,4.0,Below average,King-Chavez Athletics Academy,"415 31st Street, San Diego, CA, 92102"
92115,4.0,Below average,Iftin Charter School,"5465 El Cajon Boulevard, San Diego, CA, 92115"
92113,4.0,Below average,Lincoln High School,"4777 Imperial Avenue, San Diego, CA, 92113"
92105,4.0,Below average,Joyner Elementary School,"4271 Myrtle Avenue, San Diego, CA, 92105"
92113,4.0,Below average,Rodriguez Elementary School,"825 South 31st Street, San Diego, CA, 92113"
92105,4.0,Below average,City Heights Preparatory Charter,"3770 Altadena Avenue, San Diego, CA, 92105"
92154,4.0,Below average,Howard Pence Elementary School,"877 Via Tonga Court, San Diego, CA, 92154"
92114,4.0,Below average,Audubon K-8,"8111 San Vicente Street, San Diego, CA, 92114"
92113,4.0,Below average,Baker Elementary School,"4041 T Street, San Diego, CA, 92113"
92139,4.0,Below average,Bell Middle School,"620 Briarwood Road, San Diego, CA, 92139"
92114,4.0,Below average,Boone Elementary School,"7330 Brookhaven Road, San Diego, CA, 92114"
92106,4.0,Below average,Cabrillo Elementary School,"3120 Talbot Street, San Diego, CA, 92106"
92111,4.0,Below average,Carson Elementary School,"6905 Kramer Street, San Diego, CA, 92111"
92105,4.0,Below average,Carver Elementary School,"3251 Juanita Street, San Diego, CA, 92105"
92115,4.0,Below average,Darnall Charter School,"6020 Hughes Street, San Diego, CA, 92115"
92116,4.0,Below average,Franklin Elementary School,"4481 Copeland Avenue, San Diego, CA, 92116"
92114,4.0,Below average,Fulton K-8,"7055 Skyline Drive, San Diego, CA, 92114"
92114,4.0,Below average,Horton Elementary School,"5050 Guymon Street, San Diego, CA, 92114"
92114,4.0,Below average,Keiller Leadership Academy,"7270 Lisbon Street, San Diego, CA, 92114"
92139,4.0,Below average,Lee Elementary School,"6196 Childs Avenue, San Diego, CA, 92139"
92111,4.0,Below average,Linda Vista Elementary School,"2772 Ulric Street, San Diego, CA, 92111"
92113,4.0,Below average,Logan K-8,"2875 Ocean View Boulevard, San Diego, CA, 92113"
92117,4.0,Below average,Madison High School,"4833 Doliva Drive, San Diego, CA, 92117"
92115,4.0,Below average,Mann Middle School,"4345 54th Street, San Diego, CA, 92115"
92111,4.0,Below average,Montgomery Middle School,"2470 Ulric Street, San Diego, CA, 92111"
92105,4.0,Below average,Rosa Parks Elementary School,"4510 Landis Street, San Diego, CA, 92105"
92102,4.0,Below average,Mcgill School Of Success,"3025 Fir Street, San Diego, CA, 92102"
92117,4.0,Below average,Sequoia Elementary School,"4690 Limerick Avenue, San Diego, CA, 92117"
92123,4.0,Below average,Wegeforth Elementary School,"3443 Ediwhar Avenue, San Diego, CA, 92123"
92105,4.0,Below average,Wilson Middle School,"3838 Orange Avenue, San Diego, CA, 92105"
92154,4.0,Below average,Montgomery Middle School,"1051 Picador Boulevard, San Diego, CA, 92154"
92121,3.0,Below average,Charter School of San Diego,"10170 Huennekens Street, San Diego, CA, 92121"
92102,3.0,Below average,Holly Drive Leadership Academy,"4801 Elm Street, San Diego, CA, 92102"
92154,3.0,Below average,Teofilo Mendoza School,"2050 Coronado Avenue, San Diego, CA, 92154"
92113,3.0,Below average,King-Chavez Academy Of Excellence,"2716 Marcy Avenue, San Diego, CA, 92113"
92101,3.0,Below average,San Diego Business,"1405 Park Boulevard, San Diego, CA, 92101"
92113,3.0,Below average,Perkins Elementary School,"1770 Main Street, San Diego, CA, 92113"
92113,3.0,Below average,Porter Elementary School,"4800 T Street, San Diego, CA, 92113"
92102,3.0,Below average,King-Chavez Preparatory Academy,"500 30th Street, San Diego, CA, 92102"
92117,3.0,Below average,Innovation Middle School,"5095 Arvinels Avenue, San Diego, CA, 92117"
92113,3.0,Below average,Memorial Scholars & Athletes School,"2850 Logan Avenue, San Diego, CA, 92113"
92101,3.0,Below average,Urban Discovery Academy Charter,"840 14th Street, San Diego, CA, 92101"
92102,3.0,Below average,Health Sciences Middle,"3910 University Avenue, Suite 100, San Diego, CA, 92102"
92154,3.0,Below average,Sunnyslope Elementary School,"2500 Elm Avenue, San Diego, CA, 92154"
92113,3.0,Below average,Burbank Elementary School,"2146 Julian Avenue, San Diego, CA, 92113"
92105,3.0,Below average,Central Elementary School,"4063 Polk Avenue, San Diego, CA, 92105"
92113,3.0,Below average,Chavez Elementary School,"1404 South 40th Street, San Diego, CA, 92113"
92105,3.0,Below average,Clark Middle School,"4388 Thorn Street, San Diego, CA, 92105"
92113,3.0,Below average,Emerson/Bandini Elementary School,"3510 Newton Avenue, San Diego, CA, 92113"
92105,3.0,Below average,Fay Elementary School,"4080 52nd Street, San Diego, CA, 92105"
92102,3.0,Below average,Kimbrough Elementary School,"321 Hoitt Street, San Diego, CA, 92102"
92117,3.0,Below average,Whitman Elementary School,"4050 Appleton Street, San Diego, CA, 92117"
92154,3.0,Below average,Mar Vista Academy,"1267 Thermal Avenue, San Diego, CA, 92154"
92102,2.0,Below average,King-Chavez Arts Academy,"415 31st Street, San Diego, CA, 92102"
92102,2.0,Below average,Millennial Tech Middle School,"1110 Carolina Lane, San Diego, CA, 92102"
92101,2.0,Below average,King-Chavez Community High School,"201 A Street, San Diego, CA, 92101"
92113,2.0,Below average,Knox Middle,"1098 South 49th Street, San Diego, CA, 92113"
92114,2.0,Below average,Ingenuity Charter,"6130 Skyline Drive, San Diego, CA, 92114"
92154,2.0,Below average,Godfrey G. Berry Elementary School,"2001 Rimbey Avenue, San Diego, CA, 92154"
92173,2.0,Below average,Southwest Middle School,"2710 Iris Avenue, San Diego, CA, 92173"
92110,1.0,Below average,Urban Corps Of San Diego County Charter,"3127 Jefferson Street, San Diego, CA, 92110"
92115,1.0,Below average,Diego Hills Central Public Charter,"4585 College Avenue, San Diego, CA, 92115"
91941,10.0,Above average,Helix High School,"4200 Lowell St, La Mesa, CA, 91941"
91941,8.0,Above average,La Mesa Arts Academy,"4200 Parks Avenue, La Mesa, CA, 91941"
91941,8.0,Above average,Murdock Elementary School,"4354 Conrad Drive, La Mesa, CA, 91941"
91944,7.0,Above average,Grossmont High School,"1100 Murray Dr., La Mesa, CA, 91944"
91941,6.0,Average,La Mesa Dale Elementary School,"4370 Parks Avenue, La Mesa, CA, 91941"
91941,6.0,Average,Lemon Avenue Elementary School,"8787 Lemon Avenue, La Mesa, CA, 91941"
91942,6.0,Average,Maryland Avenue Elementary School,"5400 Maryland Avenue, La Mesa, CA, 91942"
91942,6.0,Average,Murray Manor Elementary School,"8305 El Paso Street, La Mesa, CA, 91942"
91942,6.0,Average,Northmont Elementary School,"9405 Gregory Street, La Mesa, CA, 91942"
91942,6.0,Average,Parkway Middle School,"9009 Park Plaza Drive, La Mesa, CA, 91942"
91941,5.0,Average,Learning Choice Academy,"4215 Spring Street, La Mesa, CA, 91941"
91941,5.0,Average,Sparrow Academy,"4207 Spring Gardens Road, La Mesa, CA, 91941"
91941,5.0,Average,Avocado Elementary School,"3845 Avocado School Road, La Mesa, CA, 91941"
91941,5.0,Average,Vista La Mesa Academy,"3900 Violet Street, La Mesa, CA, 91941"
91942,4.0,Below average,Rolando Elementary School,"6925 Tower Street, La Mesa, CA, 91942"
92040,8.0,Above average,River Valley Charter School,"9707 1/2 Marilla Drive, Lakeside, CA, 92040"
92040,8.0,Above average,Lakeview Elementary School,"9205 Lakeview Road, Lakeside, CA, 92040"
92040,8.0,Above average,Riverview Elementary School,"9308 Winter Gardens Boulevard, Lakeside, CA, 92040"
92040,7.0,Above average,Lakeside Farms Elementary School,"11915 Lakeside Avenue, Lakeside, CA, 92040"
92040,6.0,Average,El Capitan High School,"10410 Ashwood Street, Lakeside, CA, 92040"
92040,5.0,Average,Lakeside Middle School,"11833 Woodside Avenue, Lakeside, CA, 92040"
92040,5.0,Average,Lindo Park Elementary School,"12824 Lakeshore Drive, Lakeside, CA, 92040"
92040,4.0,Below average,Lemon Crest Elementary School,"12463 Lemon Crest Drive, Lakeside, CA, 92040"
92040,4.0,Below average,Tierra Del Sol Middle School,"9611 Petite Lane, Lakeside, CA, 92040"
92040,2.0,Below average,Barona Indian Charter School,"1095 Barona Road, Lakeside, CA, 92040"
92057,10.0,Above average,Mission Vista High School,"1306 Melrose Drive, Oceanside, CA, 92057"
92058,9.0,Above average,Mary Fay Pendleton Elementary School,"110 Marine Drive, Oceanside, CA, 92058"
92057,8.0,Above average,Bonsall West Elementary School,"5050 El Mirlo Drive, Oceanside, CA, 92057"
92057,8.0,Above average,Ivey Ranch Elementary School,"4275 Via Rancho Road, Oceanside, CA, 92057"
92058,8.0,Above average,North Terrace Elementary School,"141 Santa Rosa Drive, Oceanside, CA, 92058"
92058,8.0,Above average,Santa Margarita Elementary School,"1 Carnes Road, Oceanside, CA, 92058"
92056,8.0,Above average,Empresa Elementary School,"4850 Avenida Empresa, Oceanside, CA, 92056"
92057,7.0,Above average,Alamosa Park Elementary School,"5130 Alamosa Park Drive, Oceanside, CA, 92057"
92057,6.0,Average,Scholarship Prep - Oceanside,"4070 Mission Avenue, Oceanside, CA, 92057"
92056,6.0,Average,Coastal Academy Charter,"4096 Calle Platino, Oceanside, CA, 92056"
92057,6.0,Average,El Camino High School,"400 Rancho Del Oro Drive, Oceanside, CA, 92057"
92057,6.0,Average,Martin Luther King Jr. Middle School,"1290 Ivey Ranch Road, Oceanside, CA, 92057"
92058,6.0,Average,Stuart Mesa Elementary School,"100 Yamanako Way, Oceanside, CA, 92058"
92056,6.0,Average,Lake Elementary School,"4950 Lake Boulevard, Oceanside, CA, 92056"
92057,6.0,Average,Mission Meadows Elementary School,"5657 Spur Avenue, Oceanside, CA, 92057"
92056,5.0,Average,T.H.E Leadership Academy,"1550 Temple Heights Drive, Oceanside, CA, 92056"
92054,5.0,Average,Lincoln Middle School,"2000 California Street, Oceanside, CA, 92054"
92054,5.0,Average,Oceanside High School,"1 Pirates Cove Way, Oceanside, CA, 92054"
92054,5.0,Average,Palmquist Elementary School,"1999 California Street, Oceanside, CA, 92054"
92057,5.0,Average,Reynolds Elementary School,"4575 Douglas Drive, Oceanside, CA, 92057"
92056,5.0,Average,Madison Middle School,"4930 Lake Boulevard, Oceanside, CA, 92056"
92057,4.0,Below average,Nichols Elementary School,"4250 Old Grove Road, Oceanside, CA, 92057"
92058,4.0,Below average,Louise Foussat Elementary School,"3800 Pala Road, Oceanside, CA, 92058"
92057,4.0,Below average,Cesar Chavez Middle School,"202 Oleander Drive, Oceanside, CA, 92057"
92057,4.0,Below average,Del Rio Elementary School,"5200 North River Road, Oceanside, CA, 92057"
92058,4.0,Below average,Jefferson Middle School,"823 Acacia Avenue, Oceanside, CA, 92058"
92057,4.0,Below average,Libby Elementary School,"423 West Redondo Drive, Oceanside, CA, 92057"
92056,4.0,Below average,Christa Mcauliffe Elementary School,"3701 Kelton Drive, Oceanside, CA, 92056"
92054,4.0,Below average,South Oceanside Elementary School,"1806 South Horne Street, Oceanside, CA, 92054"
92054,3.0,Below average,Laurel Elementary School,"1410 Laurel Street, Oceanside, CA, 92054"
92058,3.0,Below average,Mission Elementary School,"2100 Mission Avenue, Oceanside, CA, 92058"
92054,3.0,Below average,San Luis Rey Elementary School,"3535 Hacienda Drive, Oceanside, CA, 92054"
92057,3.0,Below average,Roosevelt Middle School,"850 Sagewood Drive, Oceanside, CA, 92057"
92056,2.0,Below average,Pacific View Charter School,"3670 Ocean Ranch Boulevard, Oceanside, CA, 92056"
92056,2.0,Below average,San Diego Neighborhood Homeschools,"3548 Seagate Way, Suite 140, Oceanside, CA, 92056"
92056,1.0,Below average,SIATech School,"2611 Temple Heights Drive, Suite A, Oceanside, CA, 92056"
92065,9.0,Above average,Mountain Valley Academy,"1010 Ramona Street, Ramona, CA, 92065"
92065,7.0,Above average,James Dukes Elementary School,"24908 Abalar Way, Ramona, CA, 92065"
92065,7.0,Above average,Ramona High School,"1401 Hanson Lane, Ramona, CA, 92065"
92065,6.0,Average,Ramona Community Montessori,"1010 Ramona Street, Ramona, CA, 92065"
92065,5.0,Average,Barnett Elementary School,"23925 Couna Way, Ramona, CA, 92065"
92065,5.0,Average,Olive Peirce Middle School,"1521 Hanson Lane, Ramona, CA, 92065"
92065,4.0,Below average,Hanson Elementary School,"2520 Boundary Avenue, Ramona, CA, 92065"
92065,4.0,Below average,Mt. Woodson Elementary School,"17427 Archie Moore Road, Ramona, CA, 92065"
92065,3.0,Below average,Ramona Elementary School,"415 8th Street, Ramona, CA, 92065"
92065,2.0,Below average,Future Bound Independent Study Secondary School,"720 9th Street, Ramona, CA, 92065"
92065,2.0,Below average,Montecito High (Continuation) School,"720 9th Street, Ramona, CA, 92065"
92078,9.0,Above average,Double Peak K-8,"111 San Elijo Road, San Marcos, CA, 92078"
92078,8.0,Above average,San Elijo Middle School,"1600 Schoolhouse Way, San Marcos, CA, 92078"
92078,8.0,Above average,San Elijo Elementary School,"1615 Schoolhouse Way, San Marcos, CA, 92078"
92078,8.0,Above average,High Tech High North County School,"1420 San Marcos Boulevard, San Marcos, CA, 92078"
92078,8.0,Above average,Discovery Elementary School,"730 Applewilde Drive, San Marcos, CA, 92078"
92069,8.0,Above average,Paloma Elementary School,"660 Camino Magnifico, San Marcos, CA, 92069"
92069,8.0,Above average,Richland Elementary,"910 Borden Road, San Marcos, CA, 92069"
92069,7.0,Above average,Knob Hill Elementary School,"1825 Knob Hill Road, San Marcos, CA, 92069"
92078,7.0,Above average,San Marcos High School,"1615 West San Marcos Boulevard, San Marcos, CA, 92078"
92069,6.0,Average,Mission Hills High School,"1 Mission Hills Court, San Marcos, CA, 92069"
92078,6.0,Average,High Tech Middle North County School,"1460 West San Marcos Boulevard, San Marcos, CA, 92078"
92078,6.0,Average,Community Collaborative Virtual - Sage Oak Charter,"1782 La Costa Meadows Drive, Suite 102, San Marcos, CA, 92078"
92069,6.0,Average,Twin Oaks Elementary School,"1 Cassou Road, San Marcos, CA, 92069"
92069,6.0,Average,Woodland Park Middle School,"1270 Rock Springs Road, San Marcos, CA, 92069"
92078,5.0,Average,High Tech Elementary North County,"1480 West San Marcos Boulevard, San Marcos, CA, 92078"
92078,5.0,Average,Community Collaborative Virtual - Keppel Partnership Academy,"1782 La Costa Meadows Drive, San Marcos, CA, 92078"
92069,5.0,Average,San Marcos Elementary School,"1 Tiger Way, San Marcos, CA, 92069"
92069,5.0,Average,San Marcos Middle School,"650 West Mission Road, San Marcos, CA, 92069"
92069,4.0,Below average,Community Collaborative Charter,"100 East San Marcos Boulevard, San Marcos, CA, 92069"
92078,3.0,Below average,La Mirada Academy,"3697 La Mirada Drive, San Marcos, CA, 92078"
92069,2.0,Below average,Foothills High School,"158 Cassou Road, San Marcos, CA, 92069"
92069,2.0,Below average,Twin Oaks High School,"158 Cassou Road, San Marcos, CA, 92069"
92173,5.0,Average,Sunset Elementary School,"3825 Sunset Ln., San Ysidro, CA, 92173"
92173,4.0,Below average,Willow Elementary,"226 Willow Rd., San Ysidro, CA, 92173"
92173,4.0,Below average,La Mirada Elementary School,"222 Avenida de la Madrid, San Ysidro, CA, 92173"
92173,4.0,Below average,Smythe Elementary School,"1880 Smythe Ave., San Ysidro, CA, 92173"
92173,3.0,Below average,George Nicoloff Elementary School,"1777 Howard Ave., San Ysidro, CA, 92173"
92173,3.0,Below average,San Ysidro Middle School,"4345 Otay Mesa Rd., San Ysidro, CA, 92173"
92075,10.0,Above average,Solana Vista Elementary School,"780 Santa Victoria, Solana Beach, CA, 92075"
92075,8.0,Above average,Earl Warren Middle School,"155 Stevens Avenue, Solana Beach, CA, 92075"
92075,8.0,Above average,Skyline Elementary School,"606 Lomas Santa Fe Drive, Solana Beach, CA, 92075"
91978,8.0,Above average,Steele Canyon High School,"12440 Campo Road, Spring Valley, CA, 91978"
91977,6.0,Average,"Science, Technology, Engineering, Arts, And Math Academy At La Presa","1001 Leland Street, Spring Valley, CA, 91977"
91977,6.0,Average,Sweetwater Springs Elementary School,"10129 Austin Drive, Spring Valley, CA, 91977"
91977,5.0,Average,Monte Vista High School,"3230 Sweetwater Springs Boulevard, Spring Valley, CA, 91977"
91977,5.0,Average,Avondale Elementary School,"8401 Stansbury Street, Spring Valley, CA, 91977"
91977,5.0,Average,Highlands Elementary School,"3131 South Barcelona Street, Spring Valley, CA, 91977"
91977,5.0,Average,Rancho Elementary School,"8845 Noeline Avenue, Spring Valley, CA, 91977"
91977,4.0,Below average,Casa De Oro Elementary School,"10227 Ramona Drive, Spring Valley, CA, 91977"
91977,4.0,Below average,La Presa Elementary School,"519 La Presa Avenue, Spring Valley, CA, 91977"
91977,3.0,Below average,Mount Miguel High School,"8585 Blossom Lane, Spring Valley, CA, 91977"
91977,3.0,Below average,Bancroft Elementary School,"8805 Tyler Street, Spring Valley, CA, 91977"
91977,3.0,Below average,Kempton Street Elementary School,"740 Kempton Street, Spring Valley, CA, 91977"
91978,3.0,Below average,Loma Elementary School,"10355 Loma Lane, Spring Valley, CA, 91978"
91977,3.0,Below average,Spring Valley Middle School,"3900 Conrad Drive, Spring Valley, CA, 91977"
91977,1.0,Below average,Quest Academy,"8805 Tyler Street, Spring Valley, CA, 91977"
92081,8.0,Above average,Breeze Hill Elementary School,"1111 Melrose Way, Vista, CA, 92081"
92083,8.0,Above average,Casita Center For Science/Math/Technology,"260 Cedar Road, Vista, CA, 92083"
92084,7.0,Above average,"Vista Magnet Middle School Of Technology, Science, And Math","151 Civic Center Drive, Vista, CA, 92084"
92081,7.0,Above average,Joli Ann Leichtag Elementary School,"653 Poinsettia Avenue, Vista, CA, 92081"
92081,7.0,Above average,Rancho Buena Vista High School,"1601 Longhorn Drive, Vista, CA, 92081"
92083,6.0,Average,Guajome Learning Center,"2000 North Santa Fe Avenue, Vista, CA, 92083"
92083,6.0,Average,Guajome Park Academy Charter,"2000 North Santa Fe Avenue, Vista, CA, 92083"
92083,6.0,Average,Vista Innovation and Design Academy,"740 Olive Avenue, Vista, CA, 92083"
92083,5.0,Average,Grapevine Elementary School,"630 Grapevine Road, Vista, CA, 92083"
92083,4.0,Below average,Hannalei Elementary School,"120 Hannalei Drive, Vista, CA, 92083"
92084,4.0,Below average,Foothill Oak Elementary School,"1370 Oak Drive, Vista, CA, 92084"
92083,4.0,Below average,North County Trade Tech High School,"1126 North Melrose Drive, Suite 301, Vista, CA, 92083"
92083,4.0,Below average,Bella Mente Montessori Academy,"1737 West Vista Way, Vista, CA, 92083"
92084,4.0,Below average,Beaumont Elementary School,"550 Beaumont Drive, Vista, CA, 92084"
92084,4.0,Below average,Monte Vista Elementary School,"1720 Monte Vista Drive, Vista, CA, 92084"
92084,4.0,Below average,Vista High School,"1 Panther Way, Vista, CA, 92084"
92083,3.0,Below average,Maryland Elementary School,"700 North Avenue, Vista, CA, 92083"
92084,3.0,Below average,Vista Visions Academy,"305 East Bobier Drive, Vista, CA, 92084"
92083,3.0,Below average,Bobier Elementary School,"220 West Bobier Drive, Vista, CA, 92083"
92084,3.0,Below average,Rancho Minerva Middle School,"2245 Foothill Drive, Vista, CA, 92084"
92083,3.0,Below average,Vista Academy Of Visual And Performing Arts,"600 North Santa Fe Avenue, Vista, CA, 92083"
92083,2.0,Below average,Major General Raymond Murray High School,"215 North Melrose Drive, Vista, CA, 92083"
92084,1.0,Below average,Alta Vista High (Continuation) School,"1575 Bonair Road, Vista, CA, 92084"
